ID,4CO_ID,Status,Name,Num turbines,Turbine capacity,Total IC,Composite,Shares IC with,Cluster,Commission year,Commission month,Owner,area,centroid_lon,centroid_lat,IC_density,turbine_density,shared_area,IC_numeric,num_turbines_numeric
0,UK12,Operational,Kentish Flats,30,3.0,90,0.0,0.0,0,2005.0,9.0,Vattenfall,9.929495016383232,1.112134611596811,51.44884529646723,9.063905047689126,3.0213016825630423,9.929495016383232,90.0,30.0
1,UK60,Operational,Kentish Flats Extension,15,3.3,49.5,0.0,1.0,0,2015.0,12.0,Vattenfall,7.654818073448739,1.0984361197111563,51.43886837050845,6.466515536364494,1.9595501625346954,7.654818073448739,49.5,15.0
2,UK29,Operational,Thanet,100,3.0,300,,2.0,2,2010.0,9.0,Vattenfall,33.36911882829202,1.646801287358318,51.426565440246215,8.990348278110506,2.9967827593701686,33.36911882829202,300.0,100.0
3,UK14,Operational,London Array,175,3.6,630,,3.0,3,2013.0,7.0,RWE and others,102.75633581820068,1.5033732725656945,51.62166922725862,6.131008808202476,1.7030580022784656,102.75633581820068,630.0,175.0
4,UK73,Operational,Gunfleet Sands 3 - Demonstration Project,2,6.0,12,5.0,4.0,4,2013.0,9.0,Orsted,2.5622341638599933,1.1986173654402554,51.69451210491047,4.683412690868995,0.7805687818114991,2.5622341638599933,12.0,2.0
5,UK07,Operational,Gunfleet Sands,48,3.6,172.8,5.0,5.0,4,2010.0,6.0,Orsted and others,15.398562153640524,1.235233630219139,51.72098895722059,11.221826965133019,3.117174156981394,15.398562153640524,172.8,48.0
6,FR68,Concept,Dunkerque,25-46,,598,,6.0,6,2028.0,12.0,"EDF, RWE and others",64.54954088891142,2.382508480178893,51.180512842198084,9.264202219952997,0.5499651819537315,64.54954088891142,598.0,36.0
7,BE15,Development Zone,Princess Elisabeth - Nordhinder Zuid,,,1400,,7.0,7,,,,227.00384187325128,2.4429957268503335,51.47701599425595,6.167296502328348,,227.00384187325128,1400.0,
8,BE14,Development Zone,Princess Elisabeth - Noordhinder Noord,,,700,,8.0,8,,,,43.769454046244505,2.5582753004705836,51.6244237991352,15.992888539583262,,43.769454046244505,700.0,
9,BE07,Operational,Seamade (Mermaid),28,8.39285714285714,235,,9.0,9,2020.0,12.0,Varoius,14.607078611636009,2.7374550013576755,51.72228721539557,16.088090318949803,1.9168788465131679,14.607078611636009,235.0,28.0
10,BE12,Operational,Northwester 2,23,9.52173913043478,219,,10.0,9,2020.0,5.0,Various,10.23245740610173,2.7511246975228936,51.69124603486881,21.402483421959598,2.2477494004797753,10.23245740610173,219.0,23.0
11,BE08,Operational,Nobelwind_1,10,3.3,33,11.0,11.0,9,2017.0,5.0,Various,6.610637451071923,2.783779208939481,51.68138028343243,4.991954292493988,1.5127134219678753,6.610637451071923,33.0,10.0
12,BE03,Operational,Belwind,55,3.0,165,11.0,12.0,9,2010.0,12.0,Various,12.460441492991196,2.799498206304166,51.6733265994429,13.241906403782718,4.413968801260906,12.460441492991196,165.0,55.0
13,BE08,Operational,Nobelwind_2,40,3.3,132,11.0,13.0,9,2017.0,5.0,Various,15.40328769814093,2.8245958818863652,51.664148584096665,8.569599074354203,2.5968482043497585,15.40328769814093,132.0,40.0
14,BE06,Operational,Seamade (SeaStar),30,8.4,252,,14.0,9,2020.0,12.0,Various,16.60896597787899,2.8572111070834234,51.63868957446562,15.17252791869353,1.8062533236539917,16.60896597787899,251.99999999999997,30.0
15,BE02,Operational,Northwind,72,3.0,216,,15.0,9,2014.0,6.0,Various,12.878626432825545,2.8977347836164706,51.62390178948585,16.771974956075347,5.590658318691782,12.878626432825545,216.0,72.0
16,BE05,Operational,Rentel,42,7.35714285714286,309,,16.0,9,2018.0,12.0,Various,21.56600413272804,2.9403903861572096,51.595948583036694,14.328106314839713,1.9475095961918059,21.56600413272804,309.0,42.0
17,BE09,Operational,Thornton Bank – phase II,24,6.15,147.6,,17.0,9,2013.0,1.0,EDF and others,8.70378381113985,2.980455199449331,51.56706832182525,16.958141792433864,2.7574214296640434,8.70378381113985,147.6,24.0
18,BE10,Operational,Thornton Bank – phase III,12,6.15,73.8,18.0,18.0,9,2013.0,9.0,RWE and others,5.012472866672715,2.911719088411627,51.547716852127756,14.72327171897262,2.394027921784166,5.012472866672715,73.8,12.0
19,BE09,Operational,Thornton Bank – phase II,6,6.15,36.9,18.0,19.0,9,2013.0,1.0,EDF and others,3.0948697607339986,2.9140837951130822,51.53870766096728,11.922957297966738,1.9386922435718272,3.0948697607339986,36.9,6.0
20,BE10,Operational,Thornton Bank – phase III,6,6.15,36.9,18.0,20.0,9,2013.0,9.0,RWE and others,1.7004250720776704,2.9326352871363355,51.530577684455025,21.70045631879187,3.5285294827303852,1.7004250720776704,36.9,6.0
21,BE01,Operational,Thornton Bank – phase I,6,5.0,30,18.0,21.0,9,2009.0,5.0,"EDF, RWE and others",0.7989113952079017,2.928733333626534,51.5485536975614,37.55109788137778,7.5102195762755555,0.7989113952079017,30.0,6.0
22,BE04,Operational,Norther,44,8.4,369.6,,22.0,9,2019.0,6.0,Various,37.558031968952506,3.009138209556614,51.530674134301435,9.840771217872419,1.1715203830800498,37.558031968952506,369.6,44.0
23,NL0B,Operational,Borssele 1 and 2,47,8.0,376,,23.0,9,2020.0,11.0,Orsted and others,60.928366545088956,3.0641882796830053,51.6396304436876,6.17118136134091,0.7713976701676137,60.928366545088956,376.0,47.0
24,NL0J,Operational,Borssele 3 and 4 – Blauwwind,24,9.5,228,,24.0,9,2021.0,1.0,Shell Wind Energy Ltd and others,44.70545687247054,2.981443056934756,51.66297965538763,5.100048538826176,0.5368472146132817,44.70545687247054,228.0,24.0
25,NL0J,Operational,Borssele 3 and 4 – Blauwwind,13,9.5,123.5,,25.0,9,2021.0,1.0,Shell Wind Energy Ltd and others,17.697067127077425,2.93019043595098,51.69757576023514,6.978557470183217,0.7345849968613912,17.697067127077425,123.50000000000001,13.0
26,NL0J,Operational,Borssele 3 and 4 – Blauwwind,12,9.5,114,,26.0,9,2021.0,1.0,Shell Wind Energy Ltd and others,19.48482056215296,2.876634976510801,51.71283339030328,5.850708228816434,0.6158640240859405,19.48482056215296,114.0,12.0
27,NL0J,Operational,Borssele 3 and 4 – Blauwwind,16,9.5,152,,27.0,9,2021.0,1.0,Shell Wind Energy Ltd and others,23.152270014105316,2.8398708710066765,51.744365882222375,6.5652309647129785,0.6910769436539977,23.152270014105316,152.0,16.0
28,NL0J,Operational,Borssele 3 and 4 – Blauwwind,12,9.5,114,,28.0,9,2021.0,1.0,Shell Wind Energy Ltd and others,13.354232762079404,2.940064889348894,51.771950044578624,8.53661921512359,0.8985914963287989,13.354232762079404,114.0,12.0
29,NL88,Operational,Borssele Site V -Leeghwater - Innovation Plot,2,9.5,19,,29.0,9,2021.0,2.0,Shell Wind Energy Ltd and others,0.6895373202152247,2.9990825477200076,51.71320195486726,27.554708705352663,2.900495653195017,0.6895373202152247,19.0,2.0
30,NL0B,Operational,Borssele 1 and 2,16,8.0,128,,30.0,9,2020.0,11.0,Orsted and others,16.59067999977883,3.01822829087746,51.76905190276781,7.715175026081292,0.9643968782601615,16.59067999977883,128.0,16.0
31,NL0B,Operational,Borssele 1 and 2,5,8.0,40,,31.0,9,2020.0,11.0,Orsted and others,3.252511554962809,3.0300860123571187,51.73828174641127,12.298188438090692,1.5372735547613365,3.252511554962809,40.0,5.0
32,NL0B,Operational,Borssele 1 and 2,3,8.0,24,,32.0,9,2020.0,11.0,Orsted and others,2.2708792319423194,3.07376641196302,51.779207449908455,10.56859372458676,1.321074215573345,2.2708792319423194,24.0,3.0
33,NL0B,Operational,Borssele 1 and 2,23,8.0,184,,33.0,9,2020.0,11.0,Orsted and others,23.92284455180655,3.0862655625292037,51.73472644394582,7.69139303654026,0.9614241295675325,23.92284455180655,184.0,23.0
34,UK05,Operational,Greater Gabbard,38,3.6,136.8,34.0,34.0,34,2013.0,8.0,"RWE, SSE",32.97166939020554,1.9631655146851903,51.772024542590565,4.1490164899153505,1.1525045805320417,32.97166939020554,136.8,38.0
35,UK62,Operational,Galloper,18,6.3,113.4,34.0,35.0,34,2018.0,4.0,RWE and others,36.28040605558145,2.0173551210924723,51.77299136964427,3.125654101728399,0.49613557170292044,36.28040605558145,113.4,18.0
36,UK4J,Concept,North Falls,72,7.0,504,34.0,36.0,34,2030.0,1.0,"RWE, SSE",125.21161194366938,1.9066168164263182,51.71829617654133,4.025185780906177,0.5750265401294538,144.47092858419083,436.8121187982383,62.0
37,UK4I,Concept,Five Estuaries,48-79,,353,34.0,37.0,34,2030.0,1.0,"RWE, Siemens and others",61.43456343598075,2.1150567305123986,51.80572630839326,5.745951143086603,1.0336201064759187,145.63452882015702,148.90974735587312,27.0
38,UK05,Operational,Greater Gabbard,102,3.6,367.2,38.0,38.0,38,2013.0,8.0,"RWE, SSE",111.39478372117526,1.9266136427559055,51.919944484516854,3.29638415492698,0.9156622652574944,111.39478372117526,367.2,102.0
39,UK62,Operational,Galloper,38,6.3,239.4,38.0,39.0,38,2018.0,4.0,RWE and others,75.43769207742757,2.0407350661272847,51.952863426769675,3.1734799064940264,0.5037269692847661,75.43769207742757,239.39999999999998,38.0
40,UK4J,Concept,North Falls,,,,38.0,36.0,38,2030.0,1.0,"RWE, SSE",19.259316640521448,1.8848858162265332,51.972968379424735,,,144.47092858419083,67.18788120176168,10.0
41,UK4I,Concept,Five Estuaries,,,,38.0,37.0,38,2030.0,1.0,"RWE, Siemens and others",84.19996538417625,2.1892352041261525,51.973487850584014,,,145.63452882015702,204.09025264412685,37.0
42,UK39,Consent Authorised,East Anglia Hub – TWO,64,,900-940,,42.0,42,2029.0,1.0,ScottishPower Renewables,218.73721256961215,2.2005623802183294,52.13750136197133,4.205960152789339,0.292588532367954,218.73721256961215,920.0,64.0
43,UK64,Operational,East Anglia ONE,102,7.0,714,,43.0,43,2020.0,7.0,ScottishPower Renewables and others,167.37036183924232,2.493449644362859,52.240713735458556,4.265988267897696,0.6094268954139566,167.37036183924232,714.0,102.0
44,UK2Q,Consent Authorised,East Anglia Hub – ONE North,41,14.6341463414634,600,,44.0,44,2028.0,1.0,ScottishPower Renewables,209.18133635568154,2.4240809191015855,52.39112836470734,2.868324729409845,0.19600218984300607,209.18133635568154,600.0,41.0
45,NL0E,Under Construction,Hollandse Kust Zuid Holland III and IV,20,11.0,220,,45.0,45,2024.0,6.0,Vattenfall and others,22.4490288914232,3.9929158572765755,52.215543288502865,9.79997847853688,0.8909071344124436,22.4490288914232,220.0,20.0
46,NL0E,Under Construction,Hollandse Kust Zuid Holland III and IV,15,11.0,165,,46.0,45,2024.0,6.0,Vattenfall and others,21.922837052549124,4.045791482811452,52.247082290405366,7.526398139277976,0.6842180126616342,21.922837052549124,165.0,15.0
47,NL0D,Under Construction,Hollandse Kust Zuid Holland I and II,35,11.0,385,,47.0,45,2024.0,6.0,Vattenfall and others,47.93284656980067,3.9879117940983986,52.29687451556838,8.032070439199895,0.730188221745445,47.93284656980067,384.99999999999994,35.0
48,NL0E,Under Construction,Hollandse Kust Zuid Holland III and IV,16,11.0,176,,48.0,45,2024.0,6.0,Vattenfall and others,40.15874239603857,4.114219770147051,52.301153819268286,4.382607360168763,0.3984188509244331,40.15874239603857,176.0,16.0
49,NL0E,Under Construction,Hollandse Kust Zuid Holland III and IV,9,11.0,99,,49.0,45,2024.0,6.0,Vattenfall and others,12.645522935615551,4.152165545792498,52.34146577514815,7.828857731234738,0.711714339203158,12.645522935615551,99.0,9.0
50,NL0D,Under Construction,Hollandse Kust Zuid Holland I and II,24,11.0,264,,50.0,45,2024.0,6.0,Vattenfall and others,45.50764735394528,4.017870565997269,52.37188733189723,5.80122276914657,0.5273838881042336,45.50764735394528,264.0,24.0
51,NL0D,Under Construction,Hollandse Kust Zuid Holland I and II,5,11.0,55,,51.0,45,2024.0,6.0,Vattenfall and others,6.8360505837953225,4.109545847255436,52.38928069622185,8.04558119133525,0.7314164719395682,6.8360505837953225,55.0,5.0
52,NL0D,Under Construction,Hollandse Kust Zuid Holland I and II,5,11.0,55,,52.0,45,2024.0,6.0,Vattenfall and others,4.528599395516283,4.112623467103109,52.41371503020062,12.145035406411727,1.1040941278556116,4.528599395516283,55.0,5.0
53,NL0E,Under Construction,Hollandse Kust Zuid Holland III and IV,10,11.0,110,,53.0,45,2024.0,6.0,Vattenfall and others,15.618617908420152,4.229106713439606,52.4041914973059,7.042876690177427,0.6402615172888569,15.618617908420152,110.0,10.0
54,NL32,Operational,Eneco Luchterduinen,43,3.0,129,,54.0,45,2015.0,9.0,Various,16.613580196832093,4.170148453209972,52.41060508276536,7.764732133089408,2.588244044363136,16.613580196832093,129.0,43.0
55,NL02,Operational,Egmond aan Zee,36,3.0,108,,55.0,55,2007.0,1.0,Shell Wind Energy Ltd,23.67060059158755,4.4015835800146945,52.60795584116347,4.562621872737053,1.5208739575790178,23.67060059158755,108.0,36.0
56,NL0F,Under Construction,Hollandse Kust Noord,69,11.0,759,,56.0,56,2023.0,12.0,Shell New Energies,373.7838505115008,4.2707230248348464,52.70683949512273,2.0305853207979796,0.18459866552708906,373.7838505115008,759.0,69.0
57,NL1F,Development Zone,Hollandse Kust West VIII,,,700,,57.0,57,,,,127.98202308419505,3.6230123626433985,52.56361341884856,5.469518164590144,,127.98202308419505,700.0,
58,NL1Q,Consent Authorised,Hollandse Kust West VII,76,10.0,760,,58.0,57,2026.0,1.0,RWE,96.34488830580557,3.7008794412080035,52.645041755346625,7.888327168824002,0.7888327168824003,96.34488830580557,759.9999999999999,76.0
59,NL0O,Consent Authorised,Hollandse Kust West VI,54,,693-756,,59.0,57,2026.0,1.0,"Shell Wind Energy Ltd, Eneco",85.93931224656811,3.8089370719615716,52.73367799808759,8.430367675288583,0.6283503857357949,85.93931224656811,724.5,54.0
60,NL0V,Development Zone,IJmuiden Ver - Designated Wind Energy Area,60-90,,,,60.0,60,,,,284.28130393399323,3.3655730257286516,52.70769393695576,,0.26382318837757307,284.28130393399323,,75.0
61,NL0Q,Development Zone,IJmuiden Ver - Site I,,,1000,,61.0,60,,,,90.95137923297915,3.5484494898873016,52.812955475640976,10.994885491933234,,90.95137923297915,1000.0,
62,NL0R,Development Zone,IJmuiden Ver - Site II,,,1000,,62.0,60,,,,96.22252605946959,3.425928385788702,52.85117422206704,10.392576883524734,,96.22252605946959,1000.0,
63,NL0S,Development Zone,IJmuiden Ver - Site III,,,1000,,63.0,60,,,,94.52996224905345,3.6394536652286216,52.89438465130433,10.578656504329802,,94.52996224905345,1000.0,
64,NL0T,Development Zone,IJmuiden Ver - Site IV,,,1000,,64.0,60,,,,103.30859894285739,3.51555459290824,52.95840231114907,9.679736345598156,,103.30859894285739,1000.0,
65,UK66,Consent Authorised,East Anglia Hub – THREE,95,14.7368421052632,1400,65.0,65.0,65,2026.0,12.0,ScottishPower Renewables,295.7625377050678,2.8570318649560904,52.676948615197176,4.7335271426297725,0.32120362753559173,295.7625377050678,1400.0,95.0
66,UK67,Consent Authorised,Norfolk Vanguard,120-128,,1800,65.0,66.0,65,2029.0,11.0,Vattenfall,293.4602134268022,2.9261152036867806,52.84140853517525,6.1337105258017335,0.4225445028885639,583.4819793712841,905.3036817648127,62.0
67,UK69,Consent Authorised,Norfolk Boreas,129,13.953488372093,1800,,67.0,65,2031.0,1.0,Vattenfall,711.6178097492998,2.9425307072923093,53.055331161115674,2.529447654822092,0.1812770819289166,711.6178097492998,1800.0000000000002,129.0
68,UK67,Consent Authorised,Norfolk Vanguard,,,,,66.0,68,2029.0,11.0,Vattenfall,290.0217659444819,2.4780322784113133,52.92484998709155,,,583.4819793712841,894.6963182351874,62.0
69,NL1T,Development Zone,Nederwiek Zuid I,,,2000,,69.0,69,,,,252.04982146040848,3.190132072320206,53.154533956780114,7.934939165644901,,252.04982146040848,2000.0,
70,UK23,Operational,Scroby Sands,30,2.0,60,,70.0,70,2004.0,12.0,RWE,4.4484487061974685,1.8012524886881407,52.650478739541654,13.487848003374634,6.743924001687317,4.4484487061974685,60.0,30.0
71,UK11,Operational,Inner Dowsing,27,3.6,97.2,71.0,71.0,71,2009.0,3.0,Various,8.717113777748423,0.44491373536575185,53.18204686769159,11.150479674604656,3.09735546516796,8.717113777748423,97.2,27.0
72,UK13,Operational,Lincs,3,3.6,10.8,71.0,72.0,71,2013.0,9.0,Orsted and others,1.3247080349737357,0.45333838635480245,53.20089345942392,8.152739860307504,2.2646499611965285,1.3247080349737357,10.8,3.0
73,UK15,Operational,Lynn,27,3.6,97.2,73.0,73.0,71,2009.0,3.0,Various,8.330544781396611,0.45499944855955804,53.128514491145424,11.667904386885064,3.2410845519125178,8.330544781396611,97.2,27.0
74,UK13,Operational,Lincs,72,3.6,259.2,73.0,74.0,71,2013.0,9.0,Orsted and others,36.46762371496421,0.4920042947099601,53.18279530501505,7.107674523186419,1.9743540342184498,36.46762371496421,259.2,72.0
75,UK18,Operational,Race Bank,91,6.3,573.3,,75.0,75,2018.0,2.0,Orsted and others,64.19916408185242,0.8370855677857305,53.27886279051733,8.930022815702959,1.4174639390004697,64.19916408185242,573.3,91.0
76,UK27,Operational,Sheringham Shoal,88,3.6,316.8,76.0,76.0,76,2013.0,4.0,Various,34.674316124119805,1.1490123662061051,53.14048450237762,9.136445513906782,2.537901531640773,34.674316124119805,316.8,88.0
77,UK4H,Consent Application Submitted,Sheringham Shoal Extension,27,11.7407407407407,317,76.0,77.0,76,,,Equinor and others,91.63723158867906,1.1623040151459836,53.172601557666695,3.459292631436963,0.29464006639999374,91.63723158867906,317.0,27.0
78,UK04,Operational,Dudgeon,67,6.0,402,78.0,78.0,78,2017.0,10.0,Various,55.825071955210944,1.3767494209857238,53.27633012484241,7.201065505522839,1.2001775842538067,55.825071955210944,402.0,67.0
79,UK4G,Consent Application Submitted,Dudgeon Extension,34,11.8235294117647,402,78.0,79.0,78,,,Equinor and others,40.32122707132838,1.4696357601134542,53.199737963316636,9.969934677058829,0.843228306019901,102.77884616980586,157.70884658399572,13.0
80,UK4G,Consent Application Submitted,Dudgeon Extension,,,,78.0,79.0,78,,,Equinor and others,62.45761909847748,1.3128461656417676,53.34395393907517,,,102.77884616980586,244.29115341600428,21.0
81,UK30,Operational,Triton Knoll,90,9.52222222222222,857,,81.0,81,2022.0,4.0,RWE and others,148.65108656862475,0.8226362309422061,53.48651751063784,5.76517817516501,0.6054446158282974,148.65108656862475,857.0,90.0
82,UK4Z,Concept,Outer Dowsing,75-100,,1500,,82.0,82,,,"TotalEnergies, Green Investment Group",514.8634609358908,1.2679625548996298,53.58688158948094,2.9133937709881015,0.16994796997430595,514.8634609358908,1500.0,88.0
83,UK10,Operational,Humber Gateway,73,3.0,219,,83.0,83,2015.0,5.0,RWE and others,24.618932419243794,0.26444830790313095,53.64593235650172,8.895592882362967,2.9651976274543226,24.618932419243794,219.0,73.0
84,UK34,Operational,Westermost Rough,35,6.0,210,,84.0,84,2015.0,5.0,Orsted and others,35.31115505364635,0.10837092040583983,53.80983529255271,5.947129163035257,0.9911881938392094,35.31115505364635,210.0,35.0
85,UK1U,Operational,Hornsea Project Two,165,8.4,1386,85.0,85.0,85,2022.0,8.0,Orsted and others,486.6026787354434,1.6655531585868877,53.97729973499646,2.8483197083950738,0.3390856795708421,486.6026787354434,1386.0,165.0
86,UK81,Operational,Hornsea Project One,174,7.0,1218,85.0,86.0,85,2019.0,12.0,Orsted and others,424.17923903525843,1.8990305631867663,53.92039916520429,2.8714276605573286,0.4102039515081898,424.17923903525843,1218.0,174.0
87,UK1K,Consent Authorised,Hornsea Project Three,200-231,,2852,,87.0,87,2027.0,1.0,Orsted,720.8588588288636,2.5256201804414102,53.914520151908455,3.956391691757072,0.29894895146341127,720.8588588288636,2852.0,216.0
88,NL0X,Development Zone,Ijmuiden Ver - Site V,67,14.9253731343284,1000,,88.0,88,,,,121.75678276456193,3.7918185326853613,53.01388600885939,8.213094805023513,0.5502773519365753,121.75678276456193,1000.0,67.0
89,NL1R,Development Zone,Ijmuiden Ver - Site VI,67,14.9253731343284,1000,89.0,89.0,88,,,,98.77357870327572,3.650992332787443,53.07766584222157,10.124164914628492,0.6783190492801089,98.77357870327572,1000.0,67.0
90,NL1I,Development Zone,Lagelander,,,4000,89.0,90.0,88,,,,1445.9233531255488,3.9662879965495086,53.24305340283975,2.7663983649987305,,1445.9233531255488,4000.0000000000005,
91,NL1P,Development Zone,Wind Energy Search Area 8,,,2000,,91.0,91,,,,178.70803102154892,4.437707163281441,53.462702738427254,11.191438843388278,,178.70803102154892,2000.0000000000002,
92,NL1S,Development Zone,Nederwiek Noord II,,,2000,,92.0,92,,,,388.6933892854375,3.2311550261855015,53.420976289275046,5.145443825727886,,388.6933892854375,2000.0,
93,NL1H,Development Zone,Nederwiek Noord III,,,2000,,93.0,92,,,,220.9182705138821,3.296220613550421,53.51838062205962,9.053121751079088,,220.9182705138821,2000.0,
94,NL1J,Development Zone,Wind Energy Search Area 3,,,,,94.0,94,,,,288.45800188896413,3.6942577699079595,53.885512738452164,,,288.45800188896413,,
95,UK1J,Consent Application Submitted,Hornsea Project Four,180,14.4444444444444,2600,,95.0,95,,,Orsted,463.87234036165984,1.1821852677094462,54.14157802553013,5.604990368627929,0.38803779475116434,463.87234036165984,2600.0000000000005,180.0
96,UK4Y,Concept,Dogger Bank South (DBS East),150,10.0,1500,96.0,96.0,96,,,RWE,480.1756085488798,1.8995657620437147,54.54162547598093,3.1238571332956546,0.31238571332956544,480.1756085488798,1500.0,150.0
97,UK4X,Concept,Dogger Bank South (DBS West),150,10.0,1500,96.0,97.0,96,,,RWE,473.415374616989,1.4865431273835257,54.66063157116473,3.168464905081625,0.3168464905081625,473.415374616989,1500.0,150.0
98,UK80,Under Construction,Dogger Bank A,95,13.0,1235,,98.0,98,2024.0,5.0,"SSE, Equinor",523.4317935814885,1.9235372739938665,54.80949950550949,2.3594287071286466,0.1814945159329728,523.4317935814885,1235.0,95.0
99,UK0V,Pre-Construction,Dogger Bank B,95,13.0,1235,,99.0,99,2025.0,2.0,"Equinor, SSE, Vargronn",611.9430855410852,1.711048734009331,55.017464489190516,2.0181615401504254,0.15524319539618656,611.9430855410852,1235.0,95.0
100,UK1G,Pre-Construction,Sofia,100,14.0,1400,,100.0,100,2026.0,10.0,RWE,608.1901638995221,2.2647575533033515,55.03487044066532,2.3019116110389635,0.1644222579313545,608.1901638995221,1400.0,100.0
101,UK1F,Pre-Construction,Dogger Bank C,87,14.0,1218,,101.0,101,2026.0,2.0,"Equinor, SSE, Vargronn",559.7784952467728,2.867283041919577,55.085396608773344,2.1758606490645143,0.15541861779032243,559.7784952467728,1218.0,87.0
102,UK28,Operational,Teesside,27,2.3,62.1,,102.0,102,2014.0,4.0,EDF and others,4.137573836724687,-1.0906554726589355,54.64508739907721,15.008795601133855,6.525563304840806,4.137573836724687,62.099999999999994,27.0
103,UK70,Operational,Blyth Offshore Demonstrator - phase 1,5,8.3,41.5,,103.0,103,2018.0,6.0,EDF and others,3.6021414587499283,-1.3983806993393981,55.13190253631021,11.520924559803928,1.388063199976377,3.6021414587499283,41.5,5.0
104,UK79,Consent Authorised,Blyth Offshore Demonstrator - phase 2,5,11.68,58.4,,104.0,104,2026.0,1.0,"EDF, Vantage RE",7.063885137786405,-1.29511941283099,55.16158249102738,8.267405098025232,0.7078257789405165,14.603019599686023,28.24969789505698,2.0
105,UK79,Consent Authorised,Blyth Offshore Demonstrator - phase 2,,,,,104.0,105,2026.0,1.0,"EDF, Vantage RE",7.539134461899618,-1.4032252646736711,55.212763500168464,,,14.603019599686023,30.15030210494302,3.0
106,NL1O,Development Zone,Wind Energy Search Area 7,,,8000,,106.0,106,,,,1037.3524438075365,3.879999850186741,54.306709448627,7.711940187499349,,1037.3524438075365,8000.0,
107,NL1N,Development Zone,Wind Energy Search Area 6,,,10000,,107.0,107,,,,2174.265740180059,4.573563404538969,54.48772267873426,4.599253814840436,,2174.265740180059,10000.0,
108,DE3Z,Development Zone,N-14.1,,,2000,,108.0,107,,,,128.52457064497875,5.120612674537227,54.82529278820845,15.561226853070501,,128.52457064497875,2000.0,
109,NL1L,Development Zone,Wind Energy Search Area 5(middenberm),,,2000,,109.0,109,,,,407.3390150698348,5.108978795194539,54.36622716339352,4.90991514686389,,407.3390150698348,2000.0,
110,NL1K,Development Zone,Wind Energy Search Area 4,,,4000,,110.0,110,,,,1317.4520121604708,5.65542865036204,53.87182858035642,3.0361637183584826,,1317.4520121604708,4000.0,
111,DE21,Operational,Riffgat,30,3.6,108,,111.0,111,2014.0,3.0,Various,7.54149821898884,6.471382081768693,53.69545665741189,14.320761851811532,3.9779894032809815,7.54149821898884,108.0,30.0
112,NL0P,Development Zone,Ten noorden van de Waddeneilanden,46-70,,700,,112.0,112,,,,34.93082523774201,5.613745391024181,54.041115425657196,20.039606715150402,1.660424556398176,58.74436157903551,416.2370142285384,34.0
113,NL0P,Development Zone,Ten noorden van de Waddeneilanden,,,,,112.0,112,,,,23.813536341293496,5.762646843980773,54.04142683793535,,,58.74436157903551,283.76298577146156,24.0
114,NL18,Operational,Gemini,75,4.0,300,,114.0,112,2017.0,4.0,Siemens and others,35.4442289400505,5.902484582212831,54.04890853412293,8.464001304906722,2.1160003262266804,35.4442289400505,300.0,75.0
115,NL18,Operational,Gemini,75,4.0,300,,115.0,115,2017.0,4.0,Siemens and others,36.89809375328492,6.055566402881611,54.051595315158764,8.130501320906095,2.032625330226524,36.89809375328492,300.0,75.0
116,DE03,Pre-Construction,Borkum Riffgrund 3,83,11.0,913,,116.0,115,2025.0,12.0,"Orsted, Glennmont",78.38333736807719,6.206425111530314,54.058823583594815,11.647883729582471,1.0588985208711337,78.38333736807719,913.0,83.0
117,DE30,Operational,Borkum Riffgrund 2,52,8.0,416,,117.0,117,2018.0,12.0,Orsted and others,35.27883691046327,6.490688917926251,53.95762977256809,11.791771963905633,1.4739714954882042,35.27883691046327,416.0,52.0
118,DE04,Operational,Borkum Riffgrund 1,78,4.0,312,,118.0,117,2015.0,10.0,Orsted and others,36.69663033712465,6.556896689254527,53.97556540981953,8.502143034216438,2.1255357585541095,36.69663033712465,312.0,78.0
119,DE30,Operational,Borkum Riffgrund 2,4,8.0,32,,119.0,117,2018.0,12.0,Orsted and others,1.6019573643766944,6.614297811081345,53.991410009796134,19.97556284055717,2.4969453550696463,1.6019573643766944,32.0,4.0
120,DE01,Operational,Alpha Ventus,12,5.0,60,,120.0,117,2010.0,4.0,RWE and others,5.370241841210672,6.611905944262283,54.01812111561577,11.172681189060482,2.2345362378120965,5.370241841210672,60.0,12.0
121,DE26,Operational,Merkur,66,6.0,396,,121.0,117,2019.0,6.0,Various,42.4256501219553,6.559061078821483,54.05297520771118,9.33397599946429,1.5556626665773816,42.4256501219553,395.99999999999994,66.0
122,DE0K,Operational,Trianel Windpark Borkum II,16,6.34375,101.5,122.0,122.0,117,2020.0,7.0,Various,14.058440151682575,6.5020996121870684,54.07934542584521,7.219862154326704,1.138106349450515,14.058440151682575,101.5,16.0
123,DE0K,Operational,Trianel Windpark Borkum II,16,6.34375,101.5,122.0,123.0,117,2020.0,7.0,Various,16.21668353338308,6.44367844407035,54.04279900353166,6.258986295875834,0.9866382338326438,16.21668353338308,101.5,16.0
124,DE27,Operational,Trianel Windpark Borkum I,40,5.0,200,122.0,124.0,117,2015.0,9.0,Various,25.52883123505247,6.46597886032752,54.05659485477226,7.83427953119096,1.5668559062381922,25.52883123505247,199.99999999999997,40.0
125,DE28,Operational,Nordsee One,54,6.15,332.1,,125.0,125,2017.0,12.0,RWE and others,33.815465698756014,6.823632173863543,53.987654197177726,9.820950063456236,1.596902449342477,33.815465698756014,332.1,54.0
126,DE10,Concept,North Sea Cluster - Delta Nordsee 1&2,,,210,,126.0,125,2028.0,12.0,RWE,31.989432188627777,6.7747049536135995,54.05432532083118,6.56466794289193,,31.989432188627777,210.0,
127,DE0O,Concept,North Sea Cluster - Nordsee Three,60,6.66666666666667,400,,127.0,125,2028.0,12.0,RWE,29.05464492557666,6.848600982270798,54.03203793002806,13.767161878061087,2.065074281709163,29.05464492557666,400.0,60.0
128,DE2T,Concept,North Sea Cluster - Nordsee Two,30,14.4333333333333,433,,128.0,125,2027.0,1.0,RWE,17.012994237566588,6.888121229752809,54.06992231062732,25.451134230321887,1.7633580298144496,25.37620604550031,290.2966066581327,20.0
129,DE2T,Concept,North Sea Cluster - Nordsee Two,,,,,128.0,125,2027.0,1.0,RWE,8.363211807933725,6.913812536540022,54.09052763185463,,,25.37620604550031,142.70339334186735,10.0
130,DE13,Operational,Gode Wind 1 and 2,55,6.0,330,,130.0,125,2016.0,9.0,Orsted and others,42.134255267805436,6.985553365468241,54.02312634711685,7.832107103887778,1.3053511839812963,42.134255267805436,330.0,55.0
131,DE13,Operational,Gode Wind 1 and 2,42,6.0,252,,131.0,125,2016.0,9.0,Orsted and others,27.592219490585432,7.007313556641892,54.082960298002355,9.133009400928524,1.5221682334880873,27.592219490585432,252.0,42.0
132,DE2S,Concept,North Sea Cluster - Gode Wind,,,225,,132.0,125,2027.0,1.0,RWE,16.129017355116076,7.064500422014151,54.05145424942627,13.950012889572015,,16.129017355116076,225.0,
133,DE0H,Pre-Construction,Gode Wind 3,23,11.0,253,,133.0,125,2024.0,12.0,"Orsted, Nuveen",19.06560207003842,7.10645754907608,54.0467595641647,13.269971704569945,1.2063610640518132,19.06560207003842,253.0,23.0
134,NL1M,Development Zone,Doordewind I,,,2000,,134.0,134,,,,291.6541079219051,5.515584547364517,54.262002115902554,6.857438128509169,,291.6541079219051,2000.0,
135,NL1U,Development Zone,Doordewind II,,,2000,134.0,135.0,134,,,,247.74315960421674,5.731370254586073,54.28184579540251,8.07287677768827,,247.74315960421674,2000.0,
136,DE3B,Development Zone,N-9.2,,,2000,,136.0,136,,,,149.54392557826642,5.702955276613971,54.514096275022155,13.373996919408572,,149.54392557826642,1999.9999999999998,
137,DE3S,Development Zone,N-9.3,,,1500,,137.0,136,,,,105.41337578004921,5.902427042803884,54.57631333496512,14.229693232952071,,105.41337578004921,1500.0,
138,DE3A,Development Zone,N-9.1,,,2000,,138.0,136,,,,152.53424340993422,5.791724564596171,54.46939628171783,13.111809881437708,,152.53424340993422,2000.0,
139,DE4W,Development Zone,N-21.1,,,2000,,139.0,139,,,,231.2450154805812,5.982834352361557,54.409078031498915,8.6488350715086,,231.2450154805812,2000.0,
140,DE2W,Development Zone,N-6.7,,,270,,140.0,139,,,,20.571868129967495,5.876926438355406,54.38794399262986,13.124719558487012,,20.571868129967495,270.0,
141,DE66,Concept,Atlantis I,73,8.3972602739726,613,,141.0,139,2028.0,12.0,Vattenfall,45.487873761804416,5.9698586959628654,54.284786858944564,13.476119002834734,1.604823307025996,45.487873761804416,613.0,73.0
142,DE24,Operational,Deutsche Bucht,31,8.12903225806452,252,,142.0,139,2019.0,9.0,Various,16.2948959717784,5.814935066639774,54.327880739148895,15.46496525270527,1.90243620172168,16.2948959717784,251.99999999999997,31.0
143,DE36,Operational,Veja Mate,67,6.0,402,,143.0,139,2017.0,5.0,Various,50.725018282805124,5.893962006060633,54.3402278982678,7.925083392947161,1.3208472321578602,50.725018282805124,401.99999999999994,67.0
144,DE23,Operational,BARD Offshore 1,80,5.0,400,,144.0,139,2013.0,8.0,Various,59.261441207723855,5.999973408517583,54.376644528360046,6.7497514715836155,1.349950294316723,59.261441207723855,400.0,80.0
145,DE19,Consent Authorised,EnBW He Dreiht,64,14.0625,900,,145.0,145,2025.0,12.0,Various,58.832446686895,6.201765085637406,54.38305370682766,15.297680968289155,1.0878350910783399,58.832446686895,900.0,64.0
146,DE2X,Concept,N-7.2,64,14.53125,930,,146.0,145,2027.0,1.0,Vattenfall,93.68279768529302,6.240332704543626,54.311967442206985,9.927116001852685,0.6831563700199696,93.68279768529302,929.9999999999999,64.0
147,DE3C,Development Zone,N-10.1,,,2000,,147.0,147,,,,144.63326304812523,6.0788721584515235,54.676087448181484,13.828077703913246,,144.63326304812523,2000.0,
148,DE3I,Development Zone,N-10.2,,,500,,148.0,147,,,,28.713147003967556,6.0903638651040195,54.61839269609432,17.413625888200638,,28.713147003967556,500.0,
149,DE2Z,Development Zone,SEN-1,,,425,,149.0,147,,,,62.26652167107065,6.245139838910482,54.56173676411544,6.825497692726543,,81.51788956323107,324.63146251692683,
150,DE2Z,Development Zone,SEN-1,,,,,149.0,147,,,,19.251367892160417,6.353096790177893,54.58301849841289,,,81.51788956323107,100.36853748307318,
151,DE09,Operational,Global Tech I,80,5.0,400,,151.0,147,2015.0,9.0,Various,42.23537116224282,6.376373822869751,54.52692348071642,9.470734812852509,1.8941469625705016,42.23537116224282,400.0,80.0
152,DE39,Operational,Albatros,16,7.0,112,,152.0,147,2020.0,1.0,Various,9.12685046650927,6.26301537282099,54.50620239180736,12.27148405805277,1.753069151150396,9.12685046650927,112.0,16.0
153,DE11,Operational,Hohe See,71,7.0,497,,153.0,147,2019.0,11.0,Various,38.38562562502214,6.3427848386094965,54.46116696304616,12.947555026327992,1.849650718046856,38.38562562502214,497.0,71.0
154,DE3D,Development Zone,N-11.1,,,2000,,154.0,154,,,,197.74484228317093,6.3844692130302825,54.74885716470681,10.114043819843335,,197.74484228317093,2000.0,
155,DE3E,Development Zone,N-12.1,,,2000,,155.0,154,,,,179.00710574405602,6.175128331663102,54.79384903879572,11.172740834431432,,179.00710574405602,2000.0,
156,DE3J,Development Zone,N-12.2,,,2000,,156.0,154,,,,178.59205986985071,6.13358556868651,54.90039021416082,11.198706154447759,,178.59205986985071,2000.0,
157,DE3K,Development Zone,N-12.3,,,1000,,157.0,154,,,,70.8114426214329,6.196912474199084,55.01828357065621,14.122011400701563,,70.8114426214329,1000.0,
158,DE3O,Development Zone,N-11.2,,,1500,,158.0,154,,,,144.97037716620068,6.381157033425266,54.88412008729332,10.346941418799865,,144.97037716620068,1500.0,
159,DE3F,Development Zone,N-13.1,,,500,,159.0,154,,,,50.31833179329024,6.329001674834258,55.01980816144301,9.936736417535073,,50.31833179329024,500.0,
160,DE3Q,Development Zone,N-13.1,,,1000,,160.0,154,,,,81.47098092820202,6.333305629236494,55.09776495297989,12.274309068173249,,81.47098092820202,1000.0,
161,DE3R,Development Zone,N-13.2,,,2000,,161.0,154,,,,183.02561849475617,6.458279203277926,55.13753072245018,10.927431998036393,,183.02561849475617,2000.0,
162,DE20,Operational,Nordergründe,18,6.15,110.7,,162.0,162,2017.0,12.0,Various,4.885623304711139,8.165613230219122,53.83892905463705,22.65831667645222,3.6842791343824746,4.885623304711139,110.7,18.0
163,DE3U,Concept,AquaPrimus,2,14.0,28,,163.0,163,,,,2.4613851856554683,7.7902097548753195,54.21887642842817,11.375708346332468,0.8125505961666049,2.4613851856554683,27.999999999999996,2.0
164,DE07,Operational,Meerwind Süd/Ost,80,3.6,288,,164.0,164,2014.0,12.0,Various,40.363315444894695,7.694090527261549,54.39739198787897,7.135191864830502,1.9819977402306952,40.363315444894695,288.0,80.0
165,DE06,Operational,Nordsee Ost,48,6.15,295.2,,165.0,164,2015.0,5.0,RWE and others,34.3095910449631,7.672892729590984,54.45215336250742,8.604008121610576,1.399025710830988,34.3095910449631,295.2,48.0
166,DE33,Under Construction,Kaskasi,38,9.0,342,,166.0,164,2023.0,3.0,RWE,19.510551159721146,7.688124437808703,54.49473818782707,17.52897687001519,1.9476640966683545,19.510551159721146,342.0,38.0
167,DE05,Operational,Amrumbank West,80,3.775,302,,167.0,164,2015.0,10.0,RWE and others,31.96827532033722,7.697915244677438,54.52788950233486,9.44686558701767,2.5024809502033567,31.96827532033722,302.0,80.0
168,DE2U,Development Zone,N-5,,,,,168.0,168,,,,54.201540955686774,6.928721829431464,55.08453307313682,,,54.201540955686774,,
169,DE12,Operational,Sandbank,41,4.0,164,,169.0,168,2017.0,1.0,Vattenfall and others,32.15795989980846,6.866736224115198,55.178035161870824,5.099825999875596,1.274956499968899,32.15795989980846,164.0,41.0
170,DE12,Operational,Sandbank,31,4.0,124,,170.0,168,2017.0,1.0,Vattenfall and others,21.22544916564986,6.827499942955053,55.27735850817605,5.842043625662114,1.4605109064155286,21.22544916564986,124.00000000000001,31.0
171,DE02,Operational,DanTysk,80,3.6,288,,171.0,171,2015.0,4.0,Vattenfall and others,70.94596511283835,7.192863515031943,55.15559099442033,4.059427474725883,1.127618742979412,70.94596511283835,288.0,80.0
172,DE08,Operational,Butendiek,80,3.6,288,,172.0,172,2015.0,8.0,Various,34.73100956652022,7.765627346216601,55.02901735087728,8.29230142154072,2.303417061539089,34.73100956652022,288.0,80.0
173,DK2N,Concept,Rømø,15-90,,100-500,,173.0,173,,,,50.418180540552065,8.274778971997065,55.18350090481088,5.9502345539562995,1.0412910469423524,50.418180540552065,300.0,52.0
174,DK03,Operational,Horns Rev 1,80,2.0,160,,174.0,174,2002.0,12.0,"Vatrenfall, Orsted",22.592063176513445,7.8322596486581695,55.49241965427404,7.082133169950361,3.5410665849751806,22.592063176513445,160.0,80.0
175,DK10,Operational,Horns Rev 2,91,2.3,209.3,,175.0,175,2010.0,1.0,Orsted,33.286786252963616,7.573103932742748,55.61171121984184,6.2877803344973096,2.7338175367379605,33.286786252963616,209.3,91.0
176,DK19,Operational,Horns Rev 3,49,8.3,406.7,,176.0,176,2019.0,8.0,Vattenfall,116.23776890766904,7.646065196667801,55.70440716413049,3.4988627519429882,0.42154972914975763,116.23776890766904,406.7,49.0
177,DK48,Pre-Construction,Vesterhav Nord/Syd,41,8.39024390243903,344,,177.0,177,2023.0,12.0,Vattenfall,46.134361161597994,7.9810426580559835,56.067945019704524,7.4564812720620015,0.8887085237050641,46.134361161597994,344.0,41.0
178,DE4B,Development Zone,N-15.1,,,2000,,178.0,178,,,,131.05301494004567,5.106163552600454,55.01284705132429,15.260999534539232,,131.05301494004567,2000.0,
179,DE4I,Development Zone,N-17.2,,,2000,,179.0,179,,,,133.95455770245985,4.602424974042951,55.364547495785146,14.930436368148102,,133.95455770245985,2000.0000000000002,
180,DE4J,Development Zone,N-17.3,,,1000,,180.0,179,,,,63.402914574330566,4.725107732049615,55.33960391387173,15.772145597938522,,63.402914574330566,1000.0,
181,DE4U,Development Zone,N-20.1,,,1000,,181.0,179,,,,63.040221728720084,4.808389076933128,55.29756096072529,15.862888368370324,,63.040221728720084,1000.0,
182,DE4H,Development Zone,N-17.1,,,1000,,182.0,182,,,,79.27729710016138,5.079096406401032,55.15769643062044,12.613951743795822,,79.27729710016138,1000.0,
183,DE4M,Development Zone,N-18.2,,,2000,,183.0,183,,,,29.21779975701257,5.172654531669641,55.26877000434357,68.45142401662122,,29.21779975701257,2000.0,
184,DE4L,Development Zone,N-18.1,,,1000,,184.0,183,,,,51.32497999068942,5.231939000660831,55.220645678495686,19.483690011791616,,51.32497999068942,1000.0,
185,DE4D,Development Zone,N-16.1,,,2000,,185.0,185,,,,141.86809509105805,5.429538835073297,55.20518685670057,14.097602415231556,,141.86809509105805,2000.0,
186,DE4E,Development Zone,N-16.2,,,2000,,186.0,185,,,,136.37251001713193,5.606639469060614,55.383545755440814,14.66571231803791,,136.37251001713193,1999.9999999999998,
187,DE4O,Development Zone,N-19.1,,,2000,,187.0,187,,,,169.17781508517737,3.6730849590579724,55.779846345143035,11.821881013140187,,169.17781508517737,2000.0,
188,DE4P,Development Zone,N-19.2,,,2000,,188.0,187,,,,182.03501364657342,3.792530311849502,55.863177587839786,10.986897300335096,,182.03501364657342,2000.0,
189,DE4Q,Development Zone,N-19.3,,,2000,,189.0,187,,,,171.44333126662497,3.50536818337367,55.876352661748506,11.66566226416613,,171.44333126662497,2000.0,
190,DK0O,Development Zone,Nordsøen I - Screened Area - Direct Connection to Land,,,3015,,190.0,190,,,,2756.5727583643156,7.392440515746869,55.98470562477889,1.093749472366196,,2756.5727583643156,3015.0,
191,DK22,Concept,Thor,48-72,,1000,,191.0,191,2027.0,1.0,RWE,290.7722043586773,7.640981296046686,56.332261782775866,3.439118268562102,0.20634709611372612,290.7722043586773,1000.0000000000001,60.0
192,DK48,Pre-Construction,Vesterhav Nord/Syd,41,8.39024390243903,344,,192.0,192,2023.0,12.0,Vattenfall,60.133208129405844,8.052840042739165,56.62322691789022,5.7206327535314045,0.681819601438336,60.133208129405844,344.0,41.0
193,DK1Q,Concept,Odin,100-150,,1500-2250,,193.0,193,,,,373.0512241966403,6.587868352374537,57.02592019994249,5.026119413058574,0.3350746275372382,373.0512241966403,1874.9999999999998,125.0
194,DK1T,Concept,Jyske Banke Nord,52-60,,1040,,194.0,194,,,,246.13094167667,7.7549945459612495,57.24151774366897,4.225393170462072,0.2275211707171885,246.13094167667,1040.0,56.0
195,DK2G,Concept,Vigsø Bay,30-56,,336-450,,195.0,195,,,,68.66881401488101,8.646682861211385,57.174368201229655,5.723121997051444,0.6261940098555016,68.66881401488101,393.0,43.0
196,DK2Q,Concept,Hirtshals Havn Syd,10-49,,500,,196.0,196,,,,50.65606532284388,9.763538881467023,57.554975488977746,9.870486324063544,0.5823586931197491,50.65606532284388,500.0,30.0
197,DK2H,Concept,Hirtshals Havn Syd,10-49,,160-350,,197.0,196,,,,21.16436775975213,9.844627488615286,57.614959681532646,12.048552685090296,1.3938521733731912,37.08410170551285,145.53173814466425,17.0
198,DK2H,Concept,Hirtshals Havn Syd,,,,,197.0,196,,,,15.919733945760724,9.91047894093595,57.65211623123702,,,37.08410170551285,109.46826185533578,13.0
199,DK49,Development Zone,Nordsøen II - Screened Area - Island Connection,,,,,199.0,199,,,,2092.3210871666965,6.733668132270741,56.222192562980354,,,2092.3210871666965,,
200,DK0U,Development Zone,Vest Nordsøen II + III - Screened Area - Island Connection,,,,,200.0,200,,,,6633.3738100122455,6.101425520651056,56.35670703710841,,,6633.3738100122455,,
201,NO40,Development Zone,Sørlige Nordsjø II - phase 1,,,1000-1500,,201.0,201,,,,600.3600903312406,5.197081559567676,56.833546473584846,2.082083769609551,,600.3600903312406,1250.0,
202,NO66,Development Zone,Sørlige Nordsjø II - phase 2,,,1500,,202.0,202,,,,618.585031115163,4.6226778913891815,56.85139218375044,2.4248889393522077,,618.585031115163,1500.0,
203,NO39,Development Zone,Sørlige Nordsjø II - phase 1,,,500-1500,,203.0,203,,,,1365.3875505709452,3.4168919526608934,57.43526981813111,0.7323927917621952,,1365.3875505709452,1000.0,
204,UK6V,Development Zone,INTOG (Ea),,,633,,204.0,204,,,,15493.428069326348,1.4152774077483254,57.2129377054493,0.040856032452443736,,15493.428069326348,633.0,
205,UK74,Consent Application Submitted,Berwick Bank,307,,1400-4100,,205.0,205,2031.0,1.0,SSE and others,942.9541125330887,-1.6226109732225813,56.30978418134675,2.9163667281884846,0.32557257656504174,942.9541125330887,2750.0,307.0
206,UK56,Under Construction,Neart na Gaoithe,54,8.2962962962963,448,,206.0,206,2024.0,10.0,EDF and others,110.04581770207999,-2.2503683477596295,56.26750891707237,4.071031588068542,0.49070470034754754,110.04581770207999,448.0,54.0
207,UK54,Consent Authorised,Inch Cape,72,15.0,1080,,207.0,207,2026.0,2.0,"ESB, Red Rock",135.62159286687327,-2.202439008353014,56.49521029077278,7.963333693183596,0.5308889128789064,135.62159286687327,1080.0,72.0
208,UK44,Under Construction,Seagreen,114,,1075-1140,,208.0,208,2023.0,10.0,"SSE, TotalEnergies",334.03643003503544,-1.7348308222566995,56.59716087043205,3.3155066346620927,0.34128014117515,334.03643003503544,1107.5,114.0
209,UK4P,Consent Authorised,Seagreen 1A,36,13.8888888888889,500,,209.0,208,2028.0,1.0,"SSE, TotalEnergies",55.27018776235677,-1.878127663286696,56.56167595581547,9.046468272368314,0.6513457156105187,55.27018776235677,500.0,36.0
210,UK4N,Operational,Kincardine - phase 2,5,9.6,48,,210.0,210,2021.0,10.0,Grupo COBRA,29.67996405641055,-1.8661490131133922,57.00786802282444,1.6172526324078387,0.16846381587581655,29.67996405641055,48.0,5.0
211,UK6D,Concept,Cluaran Deas Ear,,,1008,,211.0,211,2032.0,1.0,Various,179.9609046691274,-1.3673831837410724,56.97299771365226,5.601216563415755,,179.9609046691274,1008.0,
212,UK97,Concept,Morven,,,2907,,212.0,212,2030.0,1.0,"BP, EnBW",838.6336086732294,-0.8929246877004033,56.65348231716918,3.466352850560157,,838.6336086732294,2906.9999999999995,
213,UK98,Concept,Ossian,240,,2600-3600,,213.0,213,,,SSE and others,857.4980926853007,-0.4125629278625611,56.68558080777799,3.6151683909782073,0.27988400446282896,857.4980926853007,3100.0,240.0
214,UK99,Concept,Bellrock,75,16.0,1200,,214.0,214,,,"Renantis, BlueFloat",274.99309708322056,0.016904705757375293,56.843441911017344,4.3637459002719865,0.27273411876699916,274.99309708322056,1200.0,75.0
215,UK6B,Concept,CampionWind,,,2000,,215.0,215,,,"Shell Wind Energy Ltd, ScottishPower",838.3123838235086,0.09987332465877641,57.300258576086065,2.3857455032193147,,838.3123838235086,2000.0,
216,UK6C,Concept,Muir Mhòr,,,798,,216.0,216,2031.0,1.0,"Vattenfall, Fred Olsen",198.2455188924808,-0.5866620654037333,57.414309566417025,4.025311666352461,,198.2455188924808,798.0,
217,UK47,Operational,Aberdeen (EOWDC),11,8.47272727272727,93.2,,217.0,217,2018.0,7.0,Vattenfall,21.667583253200675,-2.0004575165393477,57.22664620445144,4.301356496979549,0.5076708311885734,21.667583253200675,93.2,11.0
218,UK76,Operational,Hywind Scotland Pilot Park,5,6.0,30,,218.0,218,2017.0,10.0,"Equinor, Masdar",13.347184431878567,-1.3679970525413778,57.48205879596596,2.2476650527393374,0.3746108421232229,13.347184431878567,30.0,5.0
219,UK5F,Concept,Salamander,5,20.0,100,,219.0,219,2029.0,6.0,Orsted and others,70.2418347134058,-1.1874386410401225,57.61218373671207,1.4236530182904634,0.07118265091452317,70.2418347134058,100.0,5.0
220,UK6W,Development Zone,INTOG (Eb),,,633,,220.0,220,,,,1870.8306229337716,-0.3525077183779282,57.71350587167017,0.3383523832891678,,1870.8306229337716,633.0,
221,UK6I,Concept,MarramWind,,,3000,,221.0,221,,,"Shell Wind Energy Ltd, ScottishPower",678.7015323063005,-0.6197332064663413,58.15503076292486,4.4202051376039755,,678.7015323063005,3000.0,
222,UK77,Consent Authorised,Moray West,60,14.7,882,222.0,222.0,222,2025.0,1.0,"Ocean Winds, Ignitis Grupe",231.81537657234782,-3.012731426425413,58.099866336620494,3.804751923886009,0.25882666148884415,231.81537657234782,882.0,60.0
223,UK40,Operational,Moray East,100,9.5,950,222.0,223.0,222,2022.0,4.0,Various,298.0412209307548,-2.723717808646936,58.186930857055046,3.187478554252459,0.3355240583423641,298.0412209307548,950.0,100.0
224,UK53,Operational,Beatrice,84,6.64285714285714,558,222.0,224.0,222,2019.0,5.0,SSE and others,133.68746118133075,-2.884676910948513,58.25778662475137,4.1739142554524316,0.6283311782401511,133.68746118133075,558.0,84.0
225,UK6G,Concept,Caledonia Offshore Wind Farm,84-150,,2000,222.0,225.0,222,,,Ocean Winds,424.4095852107152,-2.4895194235068767,58.19709872626147,4.712428912290045,0.2756770913689677,424.4095852107152,2000.0,117.0
226,UK6H,Concept,Broadshore,31,29.0322580645161,900,,226.0,226,,,"BlueFloat, Renantis",140.2326076182365,-1.8013130149962606,58.17062765399805,6.417908183310141,0.2210612818695715,140.2326076182365,900.0,31.0
227,UK6J,Concept,Buchan Offshore Wind,60,16.0,960,,227.0,227,,,Various,312.6038004320819,-1.2364483412372687,58.404303954884504,3.070979939057315,0.19193624619108218,312.6038004320819,960.0,60.0
228,UK6F,Concept,Stromar,62,16.1290322580645,1000,,228.0,228,,,Orsted and others,266.85340335413423,-2.1461246889577157,58.50963255733773,3.7473758529244834,0.232337302881318,266.85340335413423,1000.0,62.0
229,UK6E,Concept,Cluaran Ear-Thuath,,,1008,,229.0,229,2033.0,1.0,Various,212.4723508394871,-2.1985568550807555,58.85749366562154,4.744146690227458,,212.4723508394871,1008.0,
230,UK6X,Development Zone,INTOG (Ned),,,633,,230.0,230,,,,1074.4799971484535,1.2254714296953435,58.778333618814386,0.5891221815947335,,1074.4799971484535,633.0,
231,UK6Y,Development Zone,INTOG (Nec),,,633,,231.0,231,,,,3914.932488869776,1.4094615227409637,59.432858247138014,0.16168861194915377,,3914.932488869776,633.0,
232,NO65,Development Zone,Utsira nord - phase 3,,,500,,232.0,232,,,,145.3905470107321,4.5174255415849,59.152720415678516,3.439013128983497,,145.3905470107321,500.0,
233,NO64,Development Zone,Utsira nord - phase 2,,,500,,233.0,233,,,,156.76066440912592,4.442801616652463,59.276367675597484,3.1895756622660256,,156.76066440912592,500.0,
234,NO44,Development Zone,Utsira nord - phase 1,,,500,,234.0,234,,,,168.5080083107473,4.399854266136559,59.408706933255736,2.967218027275861,,168.5080083107473,500.0,
235,NO72,Concept,Trollvind,,,1000,,235.0,235,,,,380.36742245533276,3.696774416010936,60.75088032792948,2.6290369284121113,,380.36742245533276,1000.0,
236,UK7T,Concept,Arven Offshore Wind Farm,,,1800,,236.0,236,,,"Ocean Winds, Mainstream Renewable Power",102.08179332498973,-0.48467705345603634,60.17596334732436,17.632919067844767,,102.08179332498973,1800.0,
237,UK7U,Concept,Shetland NE1 - ESB Asset Development,,,500,,237.0,237,2035.0,1.0,ESB,369.00719374864633,-0.1433514267604581,60.2827529177961,1.3549871343174436,,369.00719374864633,500.00000000000006,
238,UK7S,Concept,Shetland NE1 - Ocean Winds,,,500,,238.0,238,,,"Ocean Winds, Mainstream Renewable Power",125.42548275738235,-0.034974907874850095,60.47063953110018,3.9864307396542253,,125.42548275738235,500.0,
